CustomerID,FirstName,LastName,EmailAddress,DoB,City,Country
1,Cathleen,Trevino,Duis@volutpat.ca,2020-08-20,TrognŽe,Cyprus
2,Todd,Campos,Phasellus@malesuada.co.uk,2020-12-22,Ghanche,Monaco
3,Ariel,Mueller,erat.nonummy.ultricies@Pellentesque.edu,2020-02-07,Haren,Monaco
4,Brock,Odonnell,Integer.tincidunt@euelitNulla.edu,2019-08-28,Sint-Niklaas,Marshall Islands
5,Hanna,Edwards,a@lobortis.ca,2019-07-28,Junagadh,Bahamas
6,Brianna,Conrad,consectetuer@Cumsociisnatoque.ca,2019-07-30,Caledon,Curaçao
7,Macaulay,Keller,lorem.tristique@consectetuer.org,2021-01-16,Lauder,Kenya
8,Valentine,Bowers,auctor.velit.eget@cubiliaCuraeDonec.co.uk,2019-11-29,Naumburg,India
9,Cheryl,Mcintosh,lectus.ante.dictum@eratnonummy.com,2021-02-18,Kapelle-op-den-Bos,Eritrea
10,Guy,Waters,id.erat.Etiam@estvitae.co.uk,2020-04-07,Comblain-au-Pont,El Salvador
11,Autumn,Farrell,Nulla@ante.com,2020-05-26,Soledad,Côte D'Ivoire (Ivory Coast)
12,September,Luna,ac.nulla@magnanecquam.ca,2021-07-10,Compiègne,Solomon Islands
13,Mariko,Ward,sed@non.com,2020-05-14,Gorzów Wielkopolski,Croatia
14,Beatrice,Weeks,Proin@egestasadui.ca,2021-03-28,Borno,American Samoa
15,Jonas,Evans,velit.egestas@erosNam.com,2020-11-25,Chesapeake,South Africa
16,Sawyer,Sanford,sed.pede.nec@lacusNullatincidunt.ca,2020-03-04,Weymouth,"Bonaire, Sint Eustatius and Saba"
17,Minerva,Kim,ac.sem@Pellentesquehabitant.com,2020-12-30,Moen,Indonesia
18,Stuart,Farley,porttitor@amet.edu,2020-09-10,Guaymas,United States Minor Outlying Islands
19,Wing,Hale,dictum.augue.malesuada@etarcu.net,2021-06-07,Thuillies,Saint Vincent and The Grenadines
20,Maile,Harrington,arcu@leoCrasvehicula.org,2020-09-17,Llangefni,Taiwan
21,Cathleen,Strickland,at@nonfeugiat.ca,2021-05-14,Batiscan,Singapore
22,Price,Montoya,vitae.risus.Duis@nasceturridiculus.ca,2021-04-11,Fresno,United Arab Emirates
23,Hammett,Lowery,ipsum.Suspendisse@pede.co.uk,2020-01-22,Maisires,Jamaica
24,Carly,Morrison,dictum.ultricies@Ut.ca,2019-10-18,North Las Vegas,Tokelau
25,Stone,Keller,pellentesque@lectusantedictum.ca,2020-09-21,Marentino,Congo (Brazzaville)
26,Jermaine,Thornton,magna.sed@facilisis.org,2019-07-16,Montgomery,South Africa
27,Libby,Nichols,eleifend@cursusnonegestas.ca,2021-06-15,La Thuile,Slovenia
28,Kylan,Gonzalez,sagittis.lobortis@Morbi.ca,2021-02-16,Oostkerke,United States Minor Outlying Islands
29,Kuame,Hatfield,eu.enim@quisurna.org,2020-04-02,Haren,Heard Island and Mcdonald Islands
30,Tatum,Mooney,auctor.nunc@netus.net,2020-07-06,Bergen Mons,Antigua and Barbuda
31,Mufutau,Nguyen,Ut.nec@pellentesqueSeddictum.ca,2020-03-02,Mazzano Romano,Uruguay
32,Casey,Gamble,eu.tellus.eu@bibendumsed.net,2019-12-22,Paupisi,Togo
33,Amanda,Brewer,orci.sem.eget@nisisem.com,2020-03-29,Anantapur,Georgia
34,Kieran,Sykes,justo.Praesent@eratvelpede.edu,2020-12-07,Biała Podlaska,Mayotte
35,Demetria,Knight,mi.eleifend.egestas@nondui.edu,2020-08-21,Beawar,Ukraine
36,Hedy,Rios,porttitor.vulputate@diamProin.org,2021-01-12,Inveraray,Antarctica
37,Sylvester,Stark,est.congue@accumsan.co.uk,2021-02-21,Chelsea,Mozambique
38,Alexa,Nguyen,Cras.vehicula.aliquet@elitCurabitur.co.uk,2019-12-25,Anklam,Uruguay
39,Jelani,Horn,pellentesque@atvelit.net,2020-01-20,Forbach,Niger
40,Allegra,Lewis,feugiat.Lorem@natoquepenatibus.edu,2020-02-03,Massimino,Syria
41,Knox,Hutchinson,nonummy.ut@Mauriseu.net,2020-12-02,Meeffe,British Indian Ocean Territory
42,Hu,Bass,eu@mollis.edu,2021-02-03,Kailua,Slovenia
43,May,Pate,lacus.varius@odiotristiquepharetra.co.uk,2019-09-10,Nuevo Laredo,Bermuda
44,Zelenia,Anderson,Maecenas@dignissimpharetraNam.org,2020-12-31,Hody,Chad
45,Zephania,Todd,Proin@cursus.ca,2021-07-07,Esneux,Argentina
46,Fletcher,Yates,non.lacinia.at@Phasellus.org,2021-03-01,Verzegnis,Andorra
47,Yoko,Owens,malesuada.Integer@sedliberoProin.com,2019-08-28,Dera Bugti,Falkland Islands
48,Grant,Rosario,id.ante@sitamet.org,2021-04-21,Yangsan,Angola
49,Galena,Trujillo,et.magnis.dis@euismodacfermentum.net,2021-06-01,Homburg,Western Sahara
50,Echo,Cleveland,elementum@ultricesaauctor.edu,2020-05-11,Sinaai-Waas,San Marino
51,Tate,Weeks,tellus.sem.mollis@nequeNullamut.com,2020-02-01,Shaki,Guam
52,Drake,Summers,molestie.pharetra.nibh@scelerisquedui.co.uk,2019-08-20,Rinconada,Timor-Leste
53,Alexander,Glass,velit@elitelit.com,2020-01-08,Umerkot,Bolivia
54,Maya,Bird,enim.nec.tempus@dolorsit.com,2021-03-08,Padang Sidempuan,Macao
55,Dacey,Hurley,tortor.at.risus@molestiedapibus.com,2019-07-27,Schulen,Guernsey
56,Keith,Dickson,nonummy@inaliquet.com,2020-07-10,Khanewal,Saint Martin
57,Alan,Weber,Quisque.varius@neque.org,2020-09-22,Spy,Congo (Brazzaville)
58,Adena,Ray,ultrices@Inmipede.com,2019-08-06,Middelkerke,Tuvalu
59,Maisie,Colon,sit.amet@ipsum.net,2020-01-26,Kargopol,Sao Tome and Principe
60,Urielle,Hartman,scelerisque@arcuVestibulumut.org,2020-10-04,Gambolò,Jamaica
61,Mikayla,Rodriquez,auctor@variuseteuismod.org,2019-10-10,Rijkevorsel,Comoros
62,Jocelyn,Oneal,conubia.nostra.per@volutpatNulladignissim.org,2020-01-20,Cambrai,Congo (Brazzaville)
63,Colby,Kelly,metus.eu.erat@ultricesDuis.edu,2019-07-16,General Lagos,Saint Vincent and The Grenadines
64,Edan,Meyer,urna.et.arcu@mattis.edu,2021-01-31,Chepstow,Armenia
65,Lesley,Holloway,Aenean.egestas.hendrerit@arcuNuncmauris.net,2021-06-02,Pelarco,Saudi Arabia
66,Elvis,Hancock,libero.at@et.net,2021-03-04,Sossano,Netherlands
67,Uriel,Carver,auctor.Mauris.vel@elitAliquamauctor.co.uk,2019-09-01,Troitsk,French Southern Territories
68,Alden,James,nibh.Donec@tellusPhaselluselit.co.uk,2020-02-18,Marystown,Mauritania
69,Aquila,Myers,Fusce@inceptos.net,2021-01-07,Gonda,Bahamas
70,Kiara,Bright,In.condimentum@blanditatnisi.edu,2019-12-09,Spinoso,Guinea
71,Diana,Valentine,pede.blandit@Donec.edu,2020-10-27,Santa Croce sull'Arno,Åland Islands
72,Ignacia,Hurst,faucibus.id@non.org,2020-03-19,Naro,New Zealand
73,Thaddeus,Young,felis.eget.varius@necante.com,2021-02-03,Palmilla,Macao
74,Kaden,Neal,feugiat.placerat.velit@aliquetlobortisnisi.net,2021-05-10,Silvassa,Namibia
75,Kay,Thompson,ridiculus.mus@enim.ca,2021-07-08,Curon Venosta/Graun im Vinschgau,French Southern Territories
76,Acton,Chaney,nec@nectempus.org,2019-11-25,Hoofddorp,Belize
77,Nomlanga,Ayers,eu.accumsan@Morbi.edu,2020-09-19,Selkirk,Montserrat
78,Hayfa,Ewing,rhoncus.Nullam.velit@Suspendisse.edu,2021-05-08,Segovia,Turkey
79,Tiger,Lambert,lacinia.mattis@Aliquamvulputateullamcorper.edu,2020-03-14,Pontypridd,South Africa
80,Darryl,Mitchell,tortor@Curabitur.net,2020-02-21,Leersum,Northern Mariana Islands
81,Harrison,Castillo,Fusce.aliquam@musProinvel.net,2020-09-15,Ödemiş,Papua New Guinea
82,Eliana,Ramirez,at.sem.molestie@telluseu.org,2020-02-07,Sorgà,Bangladesh
83,Sydney,Stevens,Morbi.non.sapien@tinciduntnibhPhasellus.edu,2019-08-17,Cerami,Sint Maarten
84,Juliet,Merrill,Nam.ligula.elit@nibhenimgravida.co.uk,2020-05-14,Castelbuono,Hong Kong
85,Solomon,Stevenson,porttitor@nibhenimgravida.org,2019-09-01,Chicago,Greece
86,Florence,Taylor,ipsum.primis@faucibusidlibero.ca,2020-09-23,Le Mans,Liberia
87,Selma,Hill,natoque.penatibus@quamdignissim.org,2019-08-04,Veldwezelt,Samoa
88,Madeson,Raymond,erat@nequenonquam.edu,2020-06-24,Lambayeque,Thailand
89,Caleb,Jones,velit@ultricies.co.uk,2021-04-25,Capannori,Denmark
90,Aristotle,Barr,faucibus.Morbi.vehicula@dictum.ca,2019-10-14,Gonda,India
91,Colt,Cole,Donec.elementum@Donecdignissim.org,2020-01-10,Dalcahue,Swaziland
92,Hilda,Stevenson,eget@ultriciesadipiscing.edu,2019-09-13,Petit-Hallet,Iceland
93,Francis,Keith,vulputate.posuere.vulputate@rutrumFuscedolor.com,2020-08-31,Galvarino,Morocco
94,Linus,Graham,ut.odio@Loremipsumdolor.edu,2020-10-29,Carterton,Israel
95,Dale,Burton,est.vitae@Duisdignissim.edu,2020-06-22,Colonnella,Colombia
96,Louis,Little,parturient.montes@estacfacilisis.co.uk,2019-12-24,Kapfenberg,Luxembourg
97,Deacon,Turner,In.scelerisque.scelerisque@atiaculis.ca,2020-09-23,Sciacca,Hungary
98,Breanna,Potter,egestas@bibendumullamcorperDuis.co.uk,2021-03-29,Heusden,Falkland Islands
99,Serina,Leonard,nibh.Donec.est@dolor.com,2019-11-15,Dewas,"Saint Helena, Ascension and Tristan da Cunha"
100,Castor,Heath,felis.ullamcorper.viverra@odio.net,2020-10-20,Eernegem,Falkland Islands
101,Harrison,Pearson,tempor.diam.dictum@laoreet.co.uk,2020-04-11,Seattle,India
102,Olympia,Douglas,commodo.at@accumsansedfacilisis.com,2020-11-15,Bertogne,Djibouti
103,Hadley,Robles,risus@Donectempor.ca,2021-03-27,Casciana Terme,"Virgin Islands, United States"
104,Kevin,Mosley,nec@tinciduntdui.com,2021-01-14,Indore,Wallis and Futuna
105,Brenda,Waller,semper.erat@sitametornare.com,2021-04-16,Tampico,Costa Rica
106,Elizabeth,Vinson,ipsum.dolor@duilectusrutrum.com,2020-12-04,Depok,Burkina Faso
107,Dawn,Sargent,mattis.velit@vestibulumloremsit.ca,2020-03-14,Bridgnorth,Canada
108,Imogene,Hoffman,sodales.purus.in@temporeratneque.co.uk,2020-12-08,Bhimber,Togo
109,Jorden,Cabrera,convallis.dolor.Quisque@non.co.uk,2021-04-26,Yellowhead County,Faroe Islands
110,Hedwig,Patrick,a@utnullaCras.ca,2019-12-24,Bevilacqua,Netherlands
111,Ronan,Santiago,sit.amet@ullamcorpernisl.edu,2019-10-20,Siena,Christmas Island
112,Alden,Goodwin,semper.tellus@eleifendnunc.edu,2020-12-12,Katihar,Bouvet Island
113,Alyssa,Leblanc,dictum.Proin.eget@luctussit.com,2020-01-17,Arauco,Sao Tome and Principe
114,Scarlett,Phillips,ut.pellentesque@velquamdignissim.co.uk,2020-05-09,Wrigley,Svalbard and Jan Mayen Islands
115,Mariam,Bryant,mauris@diamdictumsapien.com,2020-09-09,Affligem,Burundi
116,Raven,Solomon,risus@veliteusem.org,2020-10-01,Saint-Marcel,Central African Republic
117,Celeste,Barrera,turpis.Nulla.aliquet@lacusCrasinterdum.edu,2021-02-20,Finkenstein am Faaker See,Nauru
118,Matthew,Hinton,aptent.taciti.sociosqu@sed.ca,2020-04-26,Blois,Åland Islands
119,Nehru,Compton,vestibulum.nec@molestieSedid.ca,2020-02-19,Buckley,Albania
120,Rafael,Landry,ipsum@ornareegestasligula.edu,2020-01-21,Monte San Giovanni in Sabina,Guam
121,Tanek,Gonzales,dictum.sapien@Aeneaneuismodmauris.com,2020-01-23,Reggio nell'Emilia,Pitcairn Islands
122,Renee,Reyes,justo.Proin.non@massalobortis.com,2019-10-20,Sassocorvaro,Trinidad and Tobago
123,Mufutau,Beasley,mauris@etarcuimperdiet.edu,2020-12-30,Catemu,Åland Islands
124,Gillian,Riddle,mus.Donec@enimSuspendissealiquet.org,2020-09-21,Girifalco,Greenland
125,Joel,Lowery,adipiscing.lacus.Ut@Proin.edu,2020-09-26,Rimouski,Saudi Arabia
126,Imelda,Mcdonald,eu.euismod.ac@euduiCum.edu,2020-08-17,Dera Ghazi Khan,Montenegro
127,Avram,Clay,Cras@tortordictum.com,2020-05-04,Zuienkerke,Hungary
128,Sade,Ramirez,quis@Donec.co.uk,2019-11-18,Värnamo,Falkland Islands
129,Valentine,Ortiz,ultrices.Vivamus@miAliquam.net,2021-02-16,San Rafael,Bolivia
130,Dexter,Hardy,nec.orci@Maurisnulla.org,2020-06-24,Taunusstein,"Congo, the Democratic Republic of the"
131,Bianca,Thornton,orci.luctus@felis.co.uk,2019-07-22,Meerut Cantonment,Central African Republic
132,Kato,Hebert,Phasellus.vitae@cursusNunc.ca,2020-06-20,Liverpool,Tuvalu
133,James,Greene,Etiam.vestibulum.massa@quispede.co.uk,2020-09-20,Colorno,Solomon Islands
134,Phyllis,Little,varius.ultrices@blanditmattisCras.net,2019-09-08,Odintsovo,Oman
135,Amena,Jackson,sapien@felisadipiscingfringilla.co.uk,2020-01-10,Sambreville,Uganda
136,Marsden,Oneil,purus.accumsan.interdum@necquam.co.uk,2019-09-01,LiŽge,Algeria
137,Barrett,Coleman,pharetra@Namligula.com,2020-07-13,Virginia Beach,Antigua and Barbuda
138,Quemby,Colon,dignissim@ultrices.com,2020-06-07,Laguna Blanca,Jersey
139,Wyoming,Guzman,arcu@maurisSuspendissealiquet.org,2019-10-19,Weiz,India
140,Tanner,Nolan,nonummy.ut@aduiCras.org,2021-02-02,Borsbeek,"Virgin Islands, United States"
141,Rudyard,Kelly,arcu.eu@Donec.edu,2021-05-21,Oyace,Uzbekistan
142,Leigh,Frazier,senectus@bibendumsedest.co.uk,2019-09-22,Westkapelle,Turkmenistan
143,Oren,Duffy,iaculis.enim@ridiculusmusProin.com,2021-04-10,Palagano,Botswana
144,Eden,Yang,velit@Proineget.net,2019-12-24,Bridgwater,Honduras
145,Rashad,Brown,vulputate.velit.eu@vulputateullamcorper.net,2020-11-23,Kusa,Guam
146,Danielle,Stokes,leo@Vivamusnibhdolor.net,2020-01-13,Seosan,Barbados
147,Quamar,Mcmillan,morbi.tristique.senectus@eu.co.uk,2021-04-10,Trivandrum,Somalia
148,Hyatt,Hawkins,ligula.tortor@ut.com,2021-01-15,Bovigny,Tuvalu
149,Lillian,Goff,eros.Nam.consequat@natoquepenatibuset.edu,2020-02-18,Drongen,Antarctica
150,Arden,Lane,elit@lobortisquam.ca,2020-06-16,Santa Cruz de Tenerife,Philippines
151,Camden,Ferguson,risus@nulla.ca,2020-04-23,Malartic,Laos
152,Yoshi,Barber,aliquet.diam.Sed@diamdictum.co.uk,2020-10-14,Saint-Pierre,Luxembourg
153,Geoffrey,Good,Praesent.luctus@tristiquepellentesquetellus.ca,2019-12-17,Herne,Puerto Rico
154,Lila,Dean,dictum.mi@velit.co.uk,2020-05-30,Avadi,Iran
155,Ashely,Hale,nostra.per@vulputatelacus.co.uk,2019-11-26,Cranbrook,Slovakia
156,Tatiana,Lindsay,lorem.sit.amet@variuset.edu,2020-05-23,Assiniboia,Canada
157,Jelani,Vaughn,a.felis@dictumPhasellus.ca,2020-09-02,Tilburg,"Virgin Islands, British"
158,Jacob,Head,ultrices@semutdolor.co.uk,2019-12-06,Westport,Laos
159,Mannix,Sanders,elit.elit.fermentum@eleifend.com,2020-10-18,Klintsy,France
160,Adele,Stanley,Phasellus@auctorodioa.net,2021-03-04,Oliver,Cocos (Keeling) Islands
161,Reuben,Clements,vel.convallis.in@Aeneaneuismodmauris.com,2021-02-16,Dunfermline,Gibraltar
162,Mariam,Crawford,sed.pede@utnisi.com,2020-03-19,Mala,Cocos (Keeling) Islands
163,Winter,Burch,Donec.egestas.Aliquam@nibhsit.co.uk,2020-05-20,Wilhelmshaven,Isle of Man
164,Aspen,Gilliam,vestibulum@consequatpurusMaecenas.com,2019-09-14,Bussolengo,Eritrea
165,Rafael,Faulkner,dapibus.id@acarcuNunc.ca,2019-12-02,Moere,Jersey
166,Ryan,Mcmillan,Vivamus.sit.amet@duisemper.ca,2020-06-24,Pelarco,Saint Kitts and Nevis
167,Barclay,Finley,euismod.urna.Nullam@ametconsectetuer.edu,2020-12-04,Krems an der Donau,Cape Verde
168,Sylvester,Ochoa,Maecenas@elit.ca,2020-04-16,Göttingen,Trinidad and Tobago
169,Logan,Beard,blandit.congue@egestasa.com,2020-08-12,Hollange,Isle of Man
170,Knox,Davenport,fames.ac@ante.ca,2019-10-31,El Carmen,Slovakia
171,Baker,Humphrey,cursus.purus.Nullam@imperdietdictummagna.com,2019-09-17,Coatzacoalcos,South Georgia and The South Sandwich Islands
172,Zena,Dejesus,aliquam@ad.org,2019-07-30,Manchester,Uganda
173,Mara,Mcclure,nec.urna.suscipit@pedeet.ca,2021-01-28,Uberaba,Cape Verde
174,Geoffrey,Allen,ornare.lectus.justo@tellusSuspendisse.ca,2019-09-24,San Pietro Avellana,Tanzania
175,Gwendolyn,Reyes,orci@eutemporerat.co.uk,2020-03-22,Bingen,Faroe Islands
176,Russell,Bonner,sagittis@elitfermentum.net,2021-05-28,Rollegem,Turkmenistan
177,Justine,Jensen,augue.ac@molestie.com,2020-04-16,Bulnes,Guinea
178,Mikayla,Donovan,aptent@asollicitudin.edu,2019-10-22,Sooke,Thailand
179,Roth,Gill,risus@molestie.com,2020-01-20,Bozeman,South Sudan
180,Harlan,Camacho,commodo@eratvitaerisus.co.uk,2020-10-29,Vilna,United States
181,Stacy,Caldwell,id.nunc@vulputaterisusa.com,2021-03-23,Jeongeup,Western Sahara
182,Chester,Guy,ipsum.primis.in@Donecnibh.edu,2020-07-24,Burlington,"Virgin Islands, British"
183,Lance,Willis,Curabitur.consequat.lectus@NuncmaurisMorbi.edu,2021-03-09,Crehen,Myanmar
184,Oren,Maynard,Vestibulum.accumsan.neque@faucibusorciluctus.net,2021-06-09,Tsiigehtchic,Finland
185,Jerome,Noble,lacus.pede.sagittis@acorci.org,2021-03-07,Ockelbo,Jamaica
186,Mark,Price,Nullam@Utsagittis.edu,2021-02-03,Whitehorse,Latvia
187,Beau,Anthony,urna.nec@dui.org,2021-03-23,Sainte-Marie-Chevigny,Czech Republic
188,Maile,Bond,id@imperdiet.ca,2021-05-12,Haridwar,Bhutan
189,Wang,Harrington,placerat.orci@sempertellusid.edu,2020-12-23,Pitt Meadows,Libya
190,Hakeem,Tyler,arcu.Curabitur.ut@urna.net,2021-05-25,Orvieto,India
191,Ryder,Osborne,nulla.Donec.non@odio.co.uk,2021-07-03,Poggiodomo,Denmark
192,Kieran,Pollard,consectetuer.adipiscing@placerategetvenenatis.org,2021-02-25,Sagamu,United Kingdom (Great Britain)
193,Laurel,Newton,ut@faucibusorci.ca,2019-08-17,East Jakarta,Canada
194,Cassidy,Townsend,orci@feugiat.org,2020-02-19,Montebello,Angola
195,Igor,King,diam@convalliserateget.org,2019-12-18,Dorchester,Honduras
196,Brooke,Jennings,augue@tempusmauris.com,2021-04-04,Chapra,Cocos (Keeling) Islands
197,Upton,Hanson,primis.in@a.com,2019-08-19,Marbaix,Latvia
198,Peter,Foley,augue@perinceptoshymenaeos.co.uk,2019-12-29,Milnathort,Serbia
199,Leigh,Forbes,vulputate.lacus@laoreetipsumCurabitur.co.uk,2021-04-23,Jasper,Russian Federation
200,Shelly,Boyle,nec.malesuada.ut@ipsumdolorsit.ca,2021-07-12,Hudson Bay,Falkland Islands
