Name, Credit_Card_Number, Credit_Card_Type, CCV, Expiry_Date
"Donald Wallace","4276293195391848120","American Express","413","09/28"
"Sarah Jordan","6504693233910017","Discover","802","07/26"
"Stephen Wagner","30559838683489","Mastercard","697","01/25"
"Brian James","4671991328306741","Discover","527","06/23"
"Kristin Christensen","4171684034527936220","JCB 16 digit","704","09/24"
"Allison Robinson","3584662455023684","JCB 16 digit","363","01/21"
"Barbara Wilson","4703469090158","JCB 16 digit","235","04/29"
"Courtney Ferguson","4712312329229348","American Express","3883","02/26"
"Joseph Cook","180082342608353","Maestro","793","12/24"
"Frances Davis","348984040084150","American Express","987","07/22"
"Paul Arroyo DDS","6538894474805136","VISA 19 digit","424","07/20"
"Michael Collins","4775484802833","JCB 15 digit","301","07/30"
"Ariel Smith","4829510538008706","American Express","057","06/25"
"Selena Smith","676272483113","VISA 19 digit","298","06/24"
"Eric Nelson","574011767500","Diners Club / Carte Blanche","061","03/30"
"Victoria Lambert","060422310387","JCB 16 digit","945","05/25"
"Anne Osborne","6011757616159132","Diners Club / Carte Blanche","510","03/22"
"Ms. Regina Lee","3520405792692457","VISA 19 digit","549","04/28"
"Deborah Martinez","213185722417054","VISA 19 digit","245","05/23"
"Valerie Browning","3581897605659085","Diners Club / Carte Blanche","281","08/24"
"Jose Finley","4769676240619718","VISA 19 digit","986","06/24"
"Ronald Lee","6011720331518313","VISA 16 digit","038","10/29"
"George Mcconnell","213180461381447","Diners Club / Carte Blanche","635","08/25"
"John Berry","3530996145778546","Mastercard","966","01/30"
"Ian Merritt","4985425068606425","Mastercard","257","08/28"
"Keith Guzman","3564946741102616","Discover","2356","03/28"
"David Olson","3577336530469597","Discover","253","10/24"
"Shelby May","630432414708","VISA 13 digit","630","07/21"
"Stacy Johnson","503849141125","JCB 16 digit","976","01/22"
"Austin Jones","4930790508484592","JCB 15 digit","735","04/30"
"Patrick Stephens","180041210230591","VISA 13 digit","109","08/29"
"Austin Jimenez","4378306303683244","Maestro","625","11/24"
"Jeffrey Nichols","372306102005643","Diners Club / Carte Blanche","2598","10/23"
"Christopher Jordan","4456716706552025","Diners Club / Carte Blanche","415","09/20"
"Mrs. Abigail Hill","4073857647708715","Maestro","347","06/21"
"Miss Holly King","503838964792","VISA 19 digit","363","07/29"
"Kimberly Reyes","4873704715924429135","VISA 16 digit","345","12/22"
"Heidi Sampson","3569472984076867","Discover","779","07/24"
"Kristin Turner","371802980656730","VISA 16 digit","034","01/24"
"Shannon Jenkins","6011890372666865","JCB 15 digit","618","08/26"
"Ashley Baker","589540775295","VISA 19 digit","015","06/25"
"Jesus Hurst","3507340747725465","VISA 16 digit","704","04/30"
"Jenny Smith","2229026375713258","VISA 16 digit","252","03/28"
"Joseph Rios","3529405915214669","Mastercard","327","02/23"
"John Mendoza","4958732866177969","VISA 13 digit","260","07/22"
"Susan Carrillo","3572746647704402","VISA 16 digit","904","12/23"
"Michael Arroyo","2225972003397499","Maestro","771","05/28"
"David Williams","3595912838729607","VISA 19 digit","032","02/30"
"Kathryn Torres","377834288759506","VISA 16 digit","825","05/24"
"Jennifer Marshall","4299760872152666588","VISA 16 digit","624","03/27"
"Patricia Taylor","30189342115651","American Express","672","11/20"
"Spencer Carr","38987535384733","VISA 19 digit","347","02/25"
"Veronica West","180055564477434","JCB 16 digit","351","06/30"
"Michael Richardson","343933319574800","VISA 16 digit","941","07/28"
"Marcus Adams","3534841448865952","VISA 19 digit","179","02/28"
"Amanda Adams","3546550901437854","Diners Club / Carte Blanche","2554","09/27"
"Haley Taylor","4205055528498991657","VISA 16 digit","135","01/28"
"Ryan Monroe","4556517713168435015","Diners Club / Carte Blanche","324","02/28"
"Carla Kim","5387229739087051","VISA 16 digit","922","07/22"
"Kevin Hoffman","4318232425001","JCB 15 digit","817","02/26"
"Lisa King","6509675137531226","VISA 16 digit","510","08/23"
"Catherine Bass","6011903887116274","Discover","211","05/23"
"Samuel Wilson","5187375931489793","JCB 15 digit","398","04/23"
"Michael Miller","4282115293486855","JCB 16 digit","545","10/24"
"William Dillon","060463048771","JCB 16 digit","256","12/22"
"Earl Kane","2232101240383374","JCB 16 digit","328","10/26"
"Anna Williams","4676108176657036739","VISA 16 digit","694","07/28"
"James Hurst","503815287233","VISA 13 digit","344","08/25"
"William Pratt","4668351176762401","JCB 16 digit","093","01/26"
"Connie Schmidt","4799749733479121829","Diners Club / Carte Blanche","549","08/25"
"Susan Barrett","3527046137911229","Diners Club / Carte Blanche","489","06/29"
"Joseph Tucker","3502389697571846","JCB 16 digit","903","07/29"
"Stephanie Lee","4134866927985192038","JCB 15 digit","325","04/28"
"Shawn Beck","4283859197378721","Diners Club / Carte Blanche","323","04/22"
"Carla Williams","2250718873106751","Diners Club / Carte Blanche","7484","10/22"
"Louis Garrett","3519103625950597","JCB 16 digit","468","12/21"
"Robert Perez","4119785426757460","JCB 16 digit","917","11/22"
"Michael Taylor","3579867946283493","JCB 16 digit","424","09/22"
"Chad Moran","4579464897191624","VISA 13 digit","6203","07/24"
"Mrs. Elizabeth Reeves","3543914263818122","Mastercard","6863","06/24"
"Ellen Hughes","4763699283734237396","Discover","6290","11/29"
"Jill Davila","30200377310750","Diners Club / Carte Blanche","227","09/27"
"Jeanette Alexander","4252316676942","JCB 15 digit","094","06/22"
"Cory Robertson","2705663349138718","Discover","2814","07/25"
"Jacob Krueger","180077347043515","JCB 15 digit","152","02/23"
"Michele Johnson","3585533800060003","JCB 15 digit","902","10/20"
"Amy Thompson","3563904913883100","VISA 13 digit","5450","10/29"
"Rhonda Harvey DDS","30140251103733","Mastercard","577","03/30"
"Charles Yoder","4763530574824715","VISA 13 digit","389","05/28"
"Carolyn Allen","180003675903120","American Express","062","07/26"
"James Hunt","4911360555245968616","JCB 16 digit","472","07/28"
"Jennifer Chan","6011921696814715","VISA 13 digit","981","05/29"
"Rose Madden DDS","30092973246334","VISA 19 digit","171","03/23"
"Alyssa Jones","4838195458954","JCB 16 digit","504","10/27"
"Rhonda Young","373176429116491","JCB 16 digit","998","07/20"
"Danielle Davis","4183148642948101","JCB 16 digit","207","02/26"
"Laura Bates","374725770570398","JCB 16 digit","629","02/25"
"Christopher Smith","30247212315171","JCB 15 digit","660","08/25"
"Jonathan Smith","3588393570624133","VISA 16 digit","0314","01/21"
"Jack Rose","4693826398105805004","VISA 13 digit","433","09/21"
"Christopher Taylor","344025983128168","Mastercard","599","02/27"
"Ronald Thomas","4061282329726972","VISA 16 digit","944","10/28"
"Jacob Miller","180060142677372","JCB 16 digit","473","03/21"
"Emily Potter","4192684399387082308","VISA 19 digit","046","02/22"
"Gabrielle Petty","2334249390100994","Diners Club / Carte Blanche","552","12/26"
"Renee Bowman","213178374176334","Diners Club / Carte Blanche","098","02/26"
"Alexander Rubio","4660197140428284602","JCB 16 digit","8413","02/23"
"Brian Berry","38173342712131","JCB 16 digit","477","07/22"
"Terry Gilbert","180012801309912","Mastercard","494","06/29"
"Virginia Romero","4002307850935841","VISA 13 digit","672","10/20"
"Charles Obrien","374244339973358","Maestro","492","10/23"
"Christina Montes","344052091823464","JCB 16 digit","925","11/21"
"Patricia Walters","6522920243266249","JCB 16 digit","589","05/28"
"Andrew Cowan","4127546237154531","VISA 16 digit","6873","07/21"
"Mary Sherman","3517028956251087","VISA 16 digit","823","05/24"
"Brandon Carroll","213179559476291","JCB 16 digit","040","08/21"
"Kristen Brooks","4900111317827418816","VISA 16 digit","383","06/26"
"Jackson Griffith","180023823622307","JCB 16 digit","526","06/23"
"Kristin Wheeler","6011430955681310","VISA 19 digit","265","07/28"
"Jamie Leon","6599658866052912","VISA 13 digit","349","02/27"
"Edward Larson","30327472788745","VISA 13 digit","025","01/30"
"Michelle Williams","3538351423331760","JCB 16 digit","940","08/27"
"Jimmy Young","676262429498","JCB 16 digit","612","03/27"
"Joshua Bean","3531571611610736","VISA 19 digit","172","05/24"
"Sarah Orr","4165450848188461804","Discover","712","01/28"
"Robert Morris","30547546879440","VISA 13 digit","238","07/26"
"Pamela Roberts","5407279072972431","Diners Club / Carte Blanche","730","08/20"
"Matthew Wells","2272620919276719","VISA 16 digit","575","10/29"
"Valerie Lee","373936772259572","JCB 15 digit","988","10/27"
"Timothy Lucas","5186619219037589","Mastercard","7012","11/22"
"Andrew Johnson","4502827538530552","JCB 16 digit","825","07/21"
"Larry Miller","5125909649192854","JCB 16 digit","728","05/29"
"Lisa Bailey","4019133501348601","Diners Club / Carte Blanche","551","02/29"
"Linda Lee","6011411226357435","VISA 16 digit","965","04/23"
"Kristy Buckley","6508279176827958","JCB 16 digit","731","03/27"
"Jordan Ford","30540989187900","VISA 16 digit","353","02/22"
"Danielle Gordon","30131804643069","VISA 16 digit","844","04/22"
"Brandon Ortiz","374407913629866","VISA 16 digit","889","11/27"
"Robert Ward","501847994701","Diners Club / Carte Blanche","386","05/27"
"Kyle Fowler","213175133306186","JCB 16 digit","063","11/26"
"Kayla King","4308181279557184","Mastercard","322","07/21"
"Jessica Johnson","340245678692492","VISA 13 digit","874","02/25"
"Melissa Waters","213133144940097","JCB 16 digit","344","07/23"
"George Holmes","3540442408030570","American Express","267","04/22"
"Patricia Black","6564418758141823","VISA 16 digit","712","10/25"
"Aaron Hill","4274790014039348","Mastercard","019","06/25"
"Christine Burgess","6011033805084600","Maestro","0487","12/24"
"James Mason","4481896529579923","American Express","397","03/28"
"Drew Johnson","501825455865","VISA 16 digit","607","08/29"
"Stacy Rodriguez","3599347595309952","American Express","144","11/20"
"Colin Brown","4587652174069774","JCB 16 digit","043","09/24"
"Logan Hill","6011752204855563","Diners Club / Carte Blanche","0771","02/21"
"Kristen Bowman","377365184982819","VISA 16 digit","135","12/28"
"Anthony Stevens","30071008914231","VISA 19 digit","298","08/21"
"Christine Warren","4651460458035342","VISA 13 digit","340","12/26"
"Mrs. Colleen Allison","180000470427156","Diners Club / Carte Blanche","951","07/26"
"Mark Lopez","3504463286738831","VISA 19 digit","886","06/28"
"Aaron Ellis","676233526257","Maestro","235","05/28"
"Mark Andrews","30052931565407","VISA 16 digit","048","04/25"
"Nicholas Haley","213195582893351","JCB 16 digit","598","10/28"
"Gerald Bell","4647518503192","JCB 16 digit","037","05/21"
"Cindy Miller","2238278741912978","VISA 16 digit","327","07/30"
"Brianna Cohen","30045017619189","Discover","9434","03/23"
"Stephanie Garza","180025361068702","VISA 16 digit","555","11/24"
"Laura Grant","3560892686996162","Maestro","709","02/24"
"Jonathan Lewis","376971999988445","VISA 16 digit","369","06/24"
"Alicia Garner","30105215660193","VISA 16 digit","515","09/21"
"John Smith","3510554643415469","Maestro","292","07/27"
"Susan Harris","676168069414","JCB 16 digit","181","05/23"
"Joseph Arroyo","3590251266303659","JCB 16 digit","412","12/23"
"Rebecca Finley","4359191647520485486","VISA 16 digit","706","04/27"
"Erin Taylor","4890345318901","American Express","934","05/30"
"Emily Lawrence","6559319741431429","JCB 16 digit","171","05/25"
"Joanna Ramirez","4302144481222373","VISA 16 digit","278","08/27"
"Timothy Colon","4832844401108234412","American Express","608","08/26"
"Hayley Lopez","3513334345743683","JCB 16 digit","072","04/28"
"Lisa Reyes","4322740107081883250","Mastercard","094","02/29"
"Jessica Johnson","378445274680009","VISA 13 digit","945","11/22"
"Amanda Castaneda","2585382223095580","JCB 16 digit","462","08/20"
"James Rodriguez","3588931799006143","JCB 16 digit","678","10/28"
"Edward Nielsen","2703784454525804","JCB 16 digit","618","10/25"
"Vanessa Giles","6564527327470537","VISA 16 digit","012","09/20"
"Crystal King","566448916155","Diners Club / Carte Blanche","929","05/22"
"Christina Avila","630425348228","VISA 13 digit","148","03/29"
"Terrance Yoder","4425806647076836674","JCB 15 digit","778","06/28"
"Jessica Brown","30470770874948","Maestro","408","01/24"
"Shelley Brooks","675948335384","JCB 16 digit","950","10/20"
"James West","4145129690888","VISA 16 digit","616","11/26"
"Andrew Charles","060471408868","Mastercard","7656","08/23"
"Joshua Buck","377013830085039","Diners Club / Carte Blanche","381","01/28"
"Luke West","30088662756773","VISA 16 digit","452","05/28"
"Cheryl Smith","676109108925","JCB 15 digit","057","11/25"
"Andrew White","502019730014","Discover","692","09/26"
"Tiffany Richardson","4763479115502","JCB 15 digit","454","09/28"
"Steven Davis","4873624766370","Diners Club / Carte Blanche","546","04/27"
"Mrs. Ashley Brown","180057293344109","Discover","8238","11/24"
"Debra Lopez","342755437720952","JCB 16 digit","499","06/27"
"Ethan Adams","4074867726923902","VISA 19 digit","828","05/24"
"Rachel Gregory","38421646312185","Discover","261","11/29"
"Patricia Grant","213112523699482","VISA 19 digit","786","03/25"
"William Ramirez","502057699774","Mastercard","030","03/26"
"Jane Reyes","30035575042635","Maestro","948","02/28"
"Thomas Hoffman","4444051956187602","Maestro","8340","11/22"
"Tina Moore","6011593994553715","American Express","948","08/23"
"Dale Price","4195316171820","Diners Club / Carte Blanche","220","01/30"
"Leslie Snyder","2241464861992298","VISA 16 digit","772","03/27"
"Tim Jefferson","180001187037528","JCB 15 digit","457","08/24"
"John Wallace","4294627597565","VISA 16 digit","2970","05/28"
"Ashley Williams","4857830315898648461","Maestro","007","12/28"
"Jennifer Terry","6011813651748139","JCB 16 digit","810","02/26"
"Megan Perkins","4069184984517997","Mastercard","272","06/28"
"Jamie Hancock","3508936487015048","Diners Club / Carte Blanche","175","10/20"
"Joseph Miranda MD","213115068011856","VISA 16 digit","394","10/27"
"Antonio Shaw","344465253289581","VISA 19 digit","877","01/30"
"Jeremy Johnson","4171216267998356","Mastercard","9101","05/25"
"Jessica Riley","4276420764516422","JCB 16 digit","899","03/25"
"John Koch","6573306895626815","JCB 15 digit","282","04/21"
"Mrs. Joanna Smith","3545095418400046","VISA 19 digit","187","03/28"
"Nicole Maldonado","213143500793352","Mastercard","4397","03/27"
"Jennifer Welch","4738948376316184399","Diners Club / Carte Blanche","082","04/24"
"Aaron Lowe","3501490923320858","Mastercard","376","05/29"
"Scott Hunter","501894403002","Discover","0051","05/27"
"Shawn Bradley","3538886270864926","JCB 16 digit","758","02/27"
"Elizabeth Pittman","6542880375016232","VISA 13 digit","0118","05/25"
"Timothy White","4515145440392796","JCB 16 digit","956","03/30"
"Jesus Parker","6525921701206393","VISA 16 digit","145","03/28"
"Kristen Butler","4443824467768152285","VISA 16 digit","7165","02/30"
"Maria Garza","213127309590317","JCB 16 digit","319","07/24"
"Veronica Simpson","4968897385509279","JCB 16 digit","248","12/21"
"Paul Mason","6011455375611274","American Express","6284","01/27"
"Richard Rivera","3594603351555344","VISA 13 digit","320","06/30"
"Kevin Floyd","2227241394527322","VISA 16 digit","824","02/23"
"Sierra Nichols","3534241719633751","American Express","471","10/27"
"Tony Edwards","4249763009099947969","JCB 15 digit","019","04/28"
"Daniel Bennett","6580125633151626","Maestro","474","03/24"
"Brian Wilson","5230638313028779","Maestro","000","09/28"
"Kevin Clark","4182661390806280","American Express","1755","12/24"
"Pamela Rodriguez","3577878133454989","VISA 13 digit","051","01/22"
"Jeffery Harmon","4608841234636111","JCB 15 digit","228","12/23"
"Larry Johnson","3523294678137119","JCB 16 digit","181","09/25"
"Nancy Acosta DDS","3576922679782428","JCB 16 digit","775","09/23"
"Mr. Raymond Ramos","4865850967096821","JCB 15 digit","482","03/29"
"Katie Hernandez","340004125088873","Mastercard","637","02/29"
"Adrienne James","30166281143753","VISA 13 digit","398","04/22"
"James Travis","3524533352749411","Diners Club / Carte Blanche","665","03/22"
"Shannon Garcia","5189258382298079","VISA 16 digit","114","09/20"
"Michael Houston","180015770219137","Mastercard","796","11/23"
"Hannah Allen","6539124527930205","Diners Club / Carte Blanche","846","05/21"
"Timothy Meyer","4239944490486556","Diners Club / Carte Blanche","194","08/20"
"Tyler Ford","213104693849559","VISA 16 digit","486","11/23"
"Bradley Pineda","3584815615926275","JCB 16 digit","049","03/22"
"Michael Barton Jr.","6561859933290048","Diners Club / Carte Blanche","570","03/25"
"Daniel Espinoza","3572525159538683","American Express","355","01/21"
"Kevin Gomez","376190976004197","JCB 16 digit","998","11/22"
"Spencer Davis","4328326404165736","Diners Club / Carte Blanche","052","09/21"
"Sharon Kelly","30067605345977","Maestro","050","06/26"
"Mike Maldonado","213116024213636","Mastercard","315","02/27"
"Daniel Dennis","6589296645559543","VISA 16 digit","884","12/24"
"Sean Schneider","4412619249729436","Diners Club / Carte Blanche","597","05/30"
"Mary Steele","3528556098540576","JCB 15 digit","990","04/21"
"Willie Church","4970588662395","VISA 16 digit","2208","08/22"
"Jonathan Rubio","3549776149693993","VISA 16 digit","604","02/25"
"Steve George","4851010448892888422","VISA 19 digit","571","10/20"
"Joseph Gentry","340571473463866","VISA 13 digit","0349","09/21"
"Diana Smith","4155932482191","Mastercard","580","03/29"
"Timothy Gonzalez","4895076467570898477","JCB 15 digit","332","01/30"
"Allison Andrews","4694743733368","American Express","885","01/21"
"Leah Thompson","4851381194530800","Diners Club / Carte Blanche","279","05/27"
"Michelle Jones","4533680231772","JCB 16 digit","386","09/27"
"Kyle Vincent","30499996309595","VISA 16 digit","8683","11/29"
"Kristy Simon","6011635908347195","VISA 19 digit","5468","09/28"
"David Robinson","213166286327095","JCB 16 digit","990","08/27"
"Craig Romero","213137324271686","Mastercard","652","10/28"
"John Taylor","343825163770205","JCB 16 digit","2364","08/20"
"Cassandra Johnson","502093974033","VISA 16 digit","032","05/22"
"James Barber","3557110884094614","JCB 15 digit","842","01/23"
"Diane Wright","30193460742791","JCB 16 digit","491","11/28"
"Adam Dyer","502019425904","Diners Club / Carte Blanche","400","02/24"
"Sandra Foster","3553768938901110","VISA 13 digit","075","08/20"
"Dominique Obrien","343524782618487","JCB 16 digit","1431","03/24"
"Kelly Hernandez","6512176760553285","Diners Club / Carte Blanche","800","12/22"
"Julie Henson","581022959596","JCB 15 digit","384","04/29"
"Kayla Rivas","4559656774057","JCB 15 digit","624","02/21"
"Henry Smith","3501360639302336","Diners Club / Carte Blanche","421","10/29"
"Erika Compton","30475022353237","JCB 16 digit","431","09/24"
"Albert Lynn","4620197216071718","VISA 16 digit","352","01/23"
"Matthew Morrison","4558120260883","VISA 13 digit","660","04/24"
"Thomas Brown","4105118895815","American Express","6786","12/25"
"Rachel Allen","4372808219681102827","VISA 16 digit","147","01/23"
"Susan Rivera","3556564557352009","Diners Club / Carte Blanche","701","01/28"
"Allison Duffy","5287414409827546","JCB 15 digit","3062","09/28"
"Mary Obrien","38860159241093","JCB 16 digit","734","07/29"
"Stephanie Bender","675916762106","VISA 19 digit","049","11/22"
"Jennifer Castro","4225777597863344938","VISA 16 digit","433","06/22"
"Leah Martin","348927735103462","VISA 16 digit","657","09/27"
"Jasmine Myers","30504413776381","Maestro","199","04/24"
"Ellen Martinez","374232163473488","Discover","724","02/23"
"Elaine Shepherd","340725719533698","Diners Club / Carte Blanche","6911","10/27"
"Crystal Oliver","30098592635971","American Express","152","11/28"
"Melissa Thompson","30139752600973","Discover","279","12/29"
"Nicole Jones","342974366464264","American Express","8191","12/28"
"Jennifer Martin","379512285228406","Mastercard","954","11/27"
"Micheal Mccarthy","370791388753937","VISA 19 digit","634","06/21"
"Lisa Walters","30520773632402","Maestro","827","11/23"
"Charles Baker","2720972374081581","JCB 15 digit","532","06/26"
"Kimberly Munoz","3516044316601078","VISA 19 digit","972","01/26"
"Ryan Elliott","180041246515221","Diners Club / Carte Blanche","858","11/28"
"Ryan Schwartz","4681844750888","Diners Club / Carte Blanche","208","11/20"
"Alicia Reynolds","575332192138","VISA 19 digit","466","12/29"
"Faith Bender","3520274131680130","VISA 16 digit","319","12/29"
"Mr. Chad Escobar DDS","4549392265598103","VISA 13 digit","705","11/20"
"Kenneth Berg","2716351519948580","Discover","695","07/23"
"Lauren Daniel","562430337591","Discover","578","01/23"
"James Moreno","3509221693683304","VISA 13 digit","762","11/28"
"Katie Mayer","378475734453143","VISA 16 digit","910","03/21"
"Alison Fernandez","377275177782953","Mastercard","866","11/22"
"Kevin Edwards","4516206130448181261","Maestro","312","04/27"
"Michelle Wilson","377065087820104","Diners Club / Carte Blanche","689","03/30"
"Angela Torres","2297750408536462","VISA 19 digit","151","01/26"
"Nicole Burke","4504499183202073","VISA 13 digit","223","09/20"
"Benjamin Martinez","180005250855922","Maestro","308","12/20"
"Samantha Meyer","180054437951055","Diners Club / Carte Blanche","746","02/23"
"Jeremy Miller","373784402264566","Diners Club / Carte Blanche","732","05/28"
"Isaiah Mills MD","4747863590266086485","JCB 15 digit","334","12/24"
"Derrick Stuart","2308426184188912","Diners Club / Carte Blanche","318","02/27"
"Tami Lucas","30336969760547","American Express","005","07/28"
"Gary Martin","4165792453292430","Diners Club / Carte Blanche","939","01/25"
"Keith Lang","3527997756401506","JCB 16 digit","114","01/25"
"Sara Scott","342797152530869","American Express","690","04/26"
"Anthony Gomez","180030493101751","JCB 15 digit","626","05/29"
"Lee Boyer","378881957188300","VISA 13 digit","842","03/24"
"Julia Mann","4519740228724362","Maestro","919","02/22"
"Sandy Williams","5236903748167954","Maestro","9917","12/29"
"Robert Perez","180084478143312","American Express","593","08/26"
"Larry Stewart","343857511037300","JCB 16 digit","2604","06/28"
"Charles Hall","4230574883179071075","Mastercard","534","01/25"
"Lauren Villanueva","349947886269580","VISA 19 digit","009","11/29"
"Jennifer Sanders","4090784820252395","Diners Club / Carte Blanche","068","04/27"
"Michelle Anderson","30051867446566","JCB 16 digit","010","02/21"
"Lauren Lopez","3585411587953577","VISA 16 digit","958","11/26"
"Rebecca Graham","30239034203230","JCB 16 digit","527","04/26"
"Alicia Moon","377217480328280","JCB 16 digit","752","11/27"
"Thomas Jones","5265595675949406","JCB 16 digit","403","12/26"
"Daniel Hunt","4915022998917419917","Discover","247","07/21"
"Brent Wilson","3504842687829085","JCB 16 digit","565","02/25"
"Valerie Snyder","2289195296907146","JCB 15 digit","559","09/23"
"Charles Hughes","6011138292571363","VISA 16 digit","962","09/26"
"Ryan Griffin","3565864958710733","VISA 16 digit","429","03/22"
"David Little","4852870051190","JCB 15 digit","440","04/26"
"Victor Olson","4258678914992601","Discover","578","12/25"
"Allen Rodriguez","371322796983269","JCB 16 digit","218","01/25"
"Katie Hunt","213110646339598","Diners Club / Carte Blanche","866","03/24"
"Tammy Cameron","2273691848092898","Mastercard","012","07/25"
"Brandi Hayes","3556465847157879","VISA 13 digit","775","05/25"
"Jamie Jennings","3599158082067478","Maestro","214","02/21"
"Thomas Roberts","3507775589954881","JCB 16 digit","3209","09/29"
"Robert Brown","4618164862828","VISA 19 digit","630","09/22"
"Nicholas Walsh","4769185928153701","JCB 16 digit","606","10/28"
"Christopher Sims","3558910257297424","Diners Club / Carte Blanche","638","08/21"
"Jennifer Murray","6517198106845618","JCB 15 digit","218","12/21"
"Kayla Sanchez","372766880858374","JCB 15 digit","552","05/22"
"Cody Howard","060406743835","VISA 13 digit","569","10/20"
"Emily Wells","4878221411490202790","JCB 16 digit","988","10/24"
"Gabriella Lynch","6011845897333896","VISA 16 digit","751","09/21"
"Dawn Rodriguez","4435045934742265979","VISA 16 digit","818","03/21"
"Megan Martin","4182920967863920","Diners Club / Carte Blanche","832","06/29"
"Casey Green","4569101913121464","VISA 16 digit","476","08/29"
"Michelle Kelley","3517147256927301","JCB 16 digit","752","02/22"
"Daniel Avila","4458375726706","VISA 19 digit","190","01/28"
"Julia Perez","6521787938317202","American Express","762","11/21"
"Donald Mack","3550139127958654","Discover","949","02/27"
"Andrew Stevens","5491816833592953","VISA 19 digit","685","11/24"
"Charles Lewis","4737127325167156","VISA 19 digit","836","08/22"
"Jeremy Miller","4082488267406","JCB 16 digit","637","06/23"
"Nicole Cruz","213143535853759","VISA 13 digit","981","11/29"
"Matthew Murphy","4506584840191989","JCB 16 digit","406","12/27"
"Kelly Jackson","3576181549299408","Discover","643","11/21"
"Jeffrey Washington","6585189353002505","American Express","7175","12/28"
"Lori Long","4787501540577","VISA 13 digit","319","07/24"
"Jennifer Sosa","3578460351082393","JCB 16 digit","630","07/25"
"Ian Martin","3567420079841085","VISA 16 digit","353","08/20"
"Nicholas Johnson","38125581209658","VISA 19 digit","5823","07/23"
"Matthew Navarro","180055828307054","Maestro","752","01/23"
"Kurt Lopez","4390322982095773413","JCB 16 digit","129","12/22"
"Jeff Chapman","4689755650254980308","VISA 16 digit","281","10/27"
"John Price","346743039937444","American Express","097","12/23"
"Melissa Clay","2237461493752294","Maestro","352","09/27"
"Nicole Snyder","3512185618482040","JCB 15 digit","092","09/26"
"Dorothy White","180020965627201","American Express","267","07/23"
"Christina Smith","4539347749512833","Maestro","852","01/24"
"Mark Murillo","4584741298668990438","VISA 19 digit","904","07/25"
"Michael Young","4080835758161339","JCB 16 digit","131","01/23"
"Thomas Potts","3598430996069085","Mastercard","0447","10/26"
"Darrell Murray","4745050654868","JCB 15 digit","816","03/24"
"Eric Andrade","4426735797189127034","JCB 16 digit","060","10/25"
"Jeremy Harris","4778557664382984","JCB 15 digit","230","04/25"
"Angel Mayer","4752461894768858","Discover","366","01/21"
"Shannon Wilson","3533739862564302","JCB 15 digit","882","07/27"
"Melanie Anthony","374755034227923","VISA 16 digit","943","11/21"
"David Schaefer","3574890703328314","Discover","372","03/25"
"David Braun","502012239120","American Express","095","11/24"
"Holly Hansen","6011749838833008","Mastercard","691","03/22"
"Janet Yoder","4287509239756345","JCB 15 digit","788","05/29"
"Frank Gilbert","3572419905951889","JCB 15 digit","160","10/21"
"Crystal Lyons","3532840756175535","VISA 16 digit","068","06/25"
"Mary White","579827306625","American Express","005","11/26"
"Timothy Nelson","348735488265358","VISA 13 digit","9544","07/27"
"Angela Butler","501893601564","JCB 15 digit","650","11/23"
"Steven Davis","503843134928","Diners Club / Carte Blanche","496","01/22"
"Kathryn Matthews","3547999984514981","Maestro","057","10/26"
"Lori Morrison","30352445660920","JCB 15 digit","212","05/24"
"Robert Davis","6573170008669629","VISA 16 digit","536","09/22"
"Molly Mcdonald","213197882757989","VISA 13 digit","216","07/23"
"Karen Carroll","572534192164","Maestro","7886","05/29"
"Daniel Smith","2667049587032514","Discover","328","08/23"
"James Jenkins","6011427592337165","Diners Club / Carte Blanche","575","03/27"
"Michael Alvarez","213139470775973","VISA 19 digit","480","09/27"
"Jasmine Marshall","630467720862","Maestro","057","10/23"
"Albert Phillips","3555683493712281","VISA 13 digit","226","08/24"
"Tony Bass","2234517893482197","Diners Club / Carte Blanche","679","05/26"
"Amy Richardson","3563192689353413","Maestro","256","08/22"
"Scott Brown","6532371814982467","VISA 16 digit","1783","12/28"
"Leslie Williams","4152253952513458","VISA 16 digit","054","08/22"
"Anthony Peterson","2714055280739191","JCB 15 digit","719","12/25"
"John Jenkins","4128035931466945","JCB 15 digit","990","06/23"
"Lisa Garcia","2283445406842808","VISA 16 digit","006","03/26"
"Krista Stephenson","3582311618060793","VISA 19 digit","429","12/21"
"Christopher Brown","501840261173","VISA 16 digit","072","11/20"
"Lori Martinez","4338645304262","VISA 16 digit","0959","08/27"
"Nicole Morales MD","6509246306895139","VISA 16 digit","451","07/22"
"Lauren Rios","3585747263119615","American Express","106","01/28"
"Larry Clark","4480097746716320","JCB 15 digit","261","04/22"
"Amanda Young","4566304949505962107","Discover","427","10/20"
"Michael Salinas","213160729404652","VISA 16 digit","342","09/24"
"Andrea Guerrero","30407040777832","VISA 19 digit","241","12/20"
"Angelica Davis","4784158564982320","VISA 13 digit","974","03/29"
"Angela Spencer","3569784830039265","VISA 16 digit","060","04/23"
"Anthony Davis","3561990526252165","VISA 19 digit","3572","02/30"
"Darrell Jimenez","4941940869218","VISA 16 digit","578","09/27"
"Andrew Patel","2627873778619006","VISA 16 digit","623","02/27"
"Jamie Summers","4984439668592","Discover","272","09/22"
"Autumn Erickson","3567429824930838","Maestro","342","06/21"
"Joseph Baker","5559332054353389","Maestro","4385","11/29"
"Meagan Dickerson","501859639418","JCB 15 digit","242","02/23"
"Mr. Curtis Newman MD","2718038593825283","VISA 19 digit","833","08/28"
"Scott Carpenter","348189545625834","Mastercard","562","04/23"
"Suzanne Soto","6569686027563713","Discover","8641","01/25"
"Mary Cook","2646993168506626","VISA 19 digit","085","02/30"
"Erin Clark","4099243802921","JCB 16 digit","812","07/23"
"Joseph Baker","3512867776060672","JCB 16 digit","245","04/27"
"Lisa Brown","3546646935733613","Mastercard","5863","09/22"
"Anthony Montgomery","213148745677161","JCB 16 digit","142","12/27"
"Taylor Morris","581673463278","JCB 16 digit","802","05/23"
"Ronald White","4820112841224200","Diners Club / Carte Blanche","027","06/23"
"Billy Campbell","6011813196604201","VISA 19 digit","525","09/21"
"Kara Johnson","376551143098190","Diners Club / Carte Blanche","598","04/30"
"Nicholas Arnold","4384571460478777","American Express","862","02/22"
"Randall Glover","180090697963679","Maestro","885","12/20"
"Jeffery Mason MD","379673026358678","American Express","846","07/23"
"Nicolas Clarke","3535690797283625","VISA 16 digit","642","08/25"
"Michael Miles","6011138545618094","American Express","969","12/28"
"Louis Morales","4330217289237","VISA 19 digit","2472","10/28"
"Julie Newton","30346916104913","Diners Club / Carte Blanche","420","05/28"
"Danielle Gonzalez","630424260093","Mastercard","974","01/25"
"Monica Neal","503880989234","JCB 15 digit","570","05/22"
"Luis Wright","348248918546835","VISA 16 digit","645","06/24"
"Kendra Scott","30507000354439","Mastercard","4725","08/23"
"Dana Abbott","377987258942849","JCB 16 digit","132","09/25"
"Sheila Jones","503832250461","VISA 16 digit","910","03/23"
"Kirk Hernandez","373541853344168","Diners Club / Carte Blanche","808","09/24"
"Annette Harris","30355439617772","Mastercard","608","09/25"
"Douglas Morgan","676110327563","American Express","658","04/29"
"Caitlyn Martinez","4860175146634572","Discover","037","01/25"
"Jamie Garcia","2291482248637765","VISA 16 digit","271","06/23"
"Teresa Taylor","4118929470728","VISA 19 digit","574","04/29"
"Susan Green","180053837954859","VISA 16 digit","753","09/23"
"Michael Holmes","4080442236531769","JCB 16 digit","949","02/22"
"Kimberly Andrade","3511580300530489","JCB 16 digit","073","02/22"
"Ashley White","4903665785839","Mastercard","868","10/28"
"Mr. Stanley Thornton","676174215787","JCB 15 digit","608","01/22"
"Rebecca Wilson","4982611828667566","JCB 16 digit","654","11/28"
"Miranda Harmon","30017851214682","Mastercard","724","10/22"
"Ms. Joan Johnson","3584580477136310","VISA 16 digit","005","06/28"
"Trevor Combs","4866111811364918","VISA 13 digit","406","07/28"
"Thomas Gomez","4243096877244175","VISA 16 digit","797","07/21"
"Daniel Thomas","36190819165223","VISA 16 digit","934","08/24"
"Karen Lee","4796924642859202","Diners Club / Carte Blanche","458","07/29"
"Aaron Hardy","6569415177058302","Diners Club / Carte Blanche","920","06/28"
"Todd Barber","568367805138","Diners Club / Carte Blanche","113","12/23"
"Rebecca Wilson","6011488819586976","VISA 13 digit","743","11/21"
"Daniel Nelson","630458466475","VISA 16 digit","247","09/21"
"Jessica Gibson","3593541383248788","VISA 13 digit","331","09/24"
"Melissa Thompson","3527244210304053","VISA 13 digit","927","07/24"
"Emily Holland","372922030711787","Diners Club / Carte Blanche","328","06/23"
"Anthony Brown","4804112183976185","Maestro","910","04/22"
"Marvin Henry","2552523815288625","Discover","441","01/22"
"Donald Hansen","4699017346946","VISA 13 digit","852","11/28"
"Theresa Peters","30100287344834","VISA 13 digit","762","05/21"
"Lisa Koch","6599087777310682","VISA 16 digit","120","08/20"
"Judy Ali","30473622660259","JCB 15 digit","943","12/26"
"Michael Stewart","2501023424685313","Maestro","264","11/21"
"Tamara Henderson","346639381968377","Discover","049","07/21"
"Jacqueline Nelson","3532022517089459","Discover","801","03/23"
"Matthew Johnson","3502095578387745","American Express","2198","10/29"
"William Anderson","4583781201754548","VISA 16 digit","804","05/25"
"Renee Hoffman","3548836003339769","JCB 15 digit","292","12/22"
"Cheryl Williams","213147557200732","VISA 16 digit","477","08/26"
"Mary Guerrero","4877240992542427","Discover","054","10/25"
"Anthony Castillo","4124359378520095036","VISA 16 digit","398","01/30"
"Chelsea Robinson","502065004082","Mastercard","163","01/23"
"Kimberly Smith","3513357463746683","VISA 13 digit","622","03/24"
"Samuel Williamson","3521636372529078","JCB 16 digit","993","09/27"
"Jesse Harris","180094117122908","VISA 16 digit","869","05/25"
"Gabriel Gomez","3551966608188602","JCB 16 digit","297","05/23"
"Jeffrey Glass","4377441512280","Mastercard","263","10/23"
"Eric White","675926594986","American Express","777","03/21"
"Dennis Miller","3531830065894521","VISA 13 digit","120","02/22"
"Kayla Anderson","4192367039253","American Express","163","08/29"
"Joe Miller","213108907711919","VISA 13 digit","528","10/27"
"Jacqueline Lutz","36863486689085","VISA 13 digit","848","05/26"
"Amanda Martin","4991336422890","JCB 15 digit","881","02/28"
"Claire Stevens","213192120033400","JCB 16 digit","6463","01/28"
"Megan Gibson","4776203881023326548","JCB 16 digit","386","07/25"
"Scott Smith","30388901683758","VISA 16 digit","177","10/28"
"David King","4044485000017833","Diners Club / Carte Blanche","784","05/27"
"James Salazar","373253750838272","Diners Club / Carte Blanche","729","12/23"
"Joseph Berger","4644615505164564557","Mastercard","662","07/21"
"Henry Moss","675983736603","Diners Club / Carte Blanche","107","09/29"
"Matthew Delgado","4796079252267","VISA 13 digit","4146","09/20"
"Ann Maxwell","6011130014433089","American Express","682","08/25"
"Tammy Miller","6011064770107381","VISA 16 digit","433","12/21"
"Christopher Daniels","4352143220812212","Mastercard","789","05/29"
"Samantha Bell","3588692894285665","VISA 16 digit","282","02/28"
"Stephanie Vincent","2700281618749282","JCB 16 digit","4042","09/25"
"John Rojas","3581021499212816","JCB 16 digit","052","12/21"
"Sandra King","180081317568543","VISA 19 digit","698","04/23"
"Stephanie Harmon","30183142523073","Mastercard","597","09/25"
"Alexandra Davis","4291385950432","Discover","278","07/29"
"Brandon Clark","180057416095018","Discover","106","02/30"
"Mr. Tony Chambers","36923728202327","JCB 16 digit","755","06/29"
"Christopher Foster","3592890737826018","Maestro","288","08/22"
"Diane Watson","3598968187589171","JCB 15 digit","755","01/25"
"Cameron Schneider","4664918835235997","VISA 16 digit","954","03/21"
"Shawna Cummings","675998354665","JCB 16 digit","938","01/23"
"Morgan Bush","4976955585311266","Mastercard","562","07/20"
"Sandra Schwartz","4536615189474653","Diners Club / Carte Blanche","403","12/20"
"Robert Smith","180057395204052","VISA 19 digit","760","01/22"
"James Bradshaw","676368096951","JCB 16 digit","822","10/21"
"Lucas Small","3509172071043860","Diners Club / Carte Blanche","595","09/20"
"David Franco","180098159458278","JCB 16 digit","641","09/25"
"Pamela Benjamin","347250937633223","Mastercard","661","06/28"
"Michael Reilly","4451717906581702","JCB 15 digit","828","05/27"
"Brittany Smith","4785521121689325","JCB 15 digit","945","07/20"
"Gary Murray","6572196189859623","VISA 19 digit","9569","10/24"
"Renee Hernandez","6539067481262570","Diners Club / Carte Blanche","1740","04/30"
"Teresa James","501819931293","JCB 16 digit","524","06/25"
"Joshua Tucker","3529023640132393","VISA 16 digit","076","07/25"
"Brianna Trujillo","4039849828856564","VISA 13 digit","326","09/29"
"Nicole Willis","3590006786653870","JCB 16 digit","9393","04/21"
"Shannon Higgins","4576572008176228","American Express","144","06/28"
"Carla Johns","4477985063151","JCB 16 digit","924","07/24"
"Tiffany Brown","4788284941730824156","JCB 16 digit","261","05/21"
"Eileen Munoz","180072907397864","JCB 15 digit","017","07/25"
"Kevin Diaz","30238604734905","Diners Club / Carte Blanche","342","11/22"
"Austin Carlson PhD","2226283122561562","American Express","202","06/23"
"Bailey Johnson","6011706953113566","American Express","885","01/25"
"Joshua Long","3575272600639730","Maestro","013","01/28"
"Julie Greene","213158321365271","JCB 15 digit","179","04/26"
"Chad Mitchell","30390204335169","Diners Club / Carte Blanche","6431","11/26"
"Ross Buck","4006506586251920","VISA 19 digit","393","02/26"
"Matthew Sanders","4730923980690","VISA 16 digit","012","05/28"
"John Green","30111769901611","VISA 13 digit","675","05/28"
"Jeremy Howard","4486047541227896334","American Express","473","07/22"
"James Thomas","5527959532176880","VISA 16 digit","424","10/22"
"Jennifer Stanley","30087495517022","Mastercard","316","12/26"
"David Johnson","4018117129930575118","Maestro","656","12/24"
"Andrea Park","3526989837976235","American Express","2879","11/25"
"Renee Roberts","180036043711023","VISA 19 digit","067","01/30"
"Kurt Kent","3548361995124681","VISA 16 digit","004","03/22"
"Jeffrey Guzman","6549526120622518","Mastercard","918","03/30"
"Kendra Johnson","586691306623","JCB 15 digit","7448","02/28"
"Lindsey Sullivan","502040882065","VISA 16 digit","018","06/21"
"David Byrd","3541257110202872","American Express","074","02/29"
"Karina Leonard","4163056031184911","American Express","756","01/21"
"Emily Larson","4688359650541478","Diners Club / Carte Blanche","0033","04/23"
"Jordan Cruz","4342466129063","Diners Club / Carte Blanche","537","04/28"
"Billy Taylor","4410861059304866","JCB 16 digit","431","10/22"
"Gina Adams","4986230331068646","JCB 16 digit","487","11/20"
"Kenneth Parrish","4846053892248","VISA 13 digit","722","02/25"
"Barbara Dixon","180034468670675","Diners Club / Carte Blanche","978","06/24"
"Meagan Ruiz","4510280726478087","JCB 16 digit","618","10/25"
"Jeremy Peters","6546040284991480","Maestro","368","03/24"
"Amy Charles","4024738196992365","VISA 16 digit","647","02/22"
"Alyssa Wagner","4013298738393","American Express","894","05/30"
"Elizabeth Diaz","4402714002209066676","VISA 13 digit","488","02/21"
"Samantha Berry","370938441086447","VISA 19 digit","763","09/25"
"Tracy Hodge","4719422394751374","Discover","624","02/28"
"David Morse","6011561445636785","Diners Club / Carte Blanche","044","03/26"
"Donna Johnson","213177437354730","Mastercard","562","01/23"
"Dawn Scott","4892791848632539236","VISA 19 digit","377","09/24"
"Riley Cohen","4735679183968853","Maestro","476","11/22"
"Christopher Nixon","180083813484902","JCB 15 digit","204","08/28"
"Manuel Davidson","4882297003018469","Diners Club / Carte Blanche","2874","12/22"
"Kimberly Stevens","630419503598","JCB 16 digit","721","01/21"
"Grant Nelson","3576149537957683","JCB 15 digit","919","10/20"
"Joseph Brown","30568149220493","VISA 16 digit","579","05/26"
"James Garcia","30350805556688","Diners Club / Carte Blanche","9329","11/26"
"Kaitlyn Salinas","4498002116486370178","Mastercard","413","12/28"
"Gary Williamson","6011423640023683","JCB 16 digit","011","04/26"
"Mr. Robert Nichols","4403707379203682352","Mastercard","0198","06/26"
"Benjamin Fowler","4666399175492654","Diners Club / Carte Blanche","476","06/29"
"Christopher Caldwell","2535043864985346","Maestro","505","03/24"
"Jennifer Warren","4970660775961369","Diners Club / Carte Blanche","222","11/22"
"Jason Weber","213101792158593","Maestro","310","06/26"
"David Smith","3544914683451479","VISA 16 digit","284","01/30"
"Eric Page","4189972852373799","Discover","050","06/21"
"Kevin Fisher","4933575498668024","JCB 16 digit","509","05/21"
"Lisa Brown","3575055625923704","American Express","234","06/21"
"Charles Clark","342551573222782","Diners Club / Carte Blanche","116","01/30"
"Scott Griffin","560105407988","VISA 13 digit","564","08/22"
"Darryl Smith","4112432383982842","Discover","229","02/23"
"Jeremy Hartman","4976646716278652","Maestro","431","04/22"
"Daniel Soto","378386109229499","VISA 19 digit","588","05/26"
"Michelle Richardson","4789612071511928","Mastercard","0123","03/23"
"Mary Moran","4054341482100504050","VISA 13 digit","262","04/21"
"James Fisher","213165381849045","VISA 16 digit","988","04/22"
"Albert Alexander","676218645387","JCB 16 digit","962","05/27"
"Stephanie Miles","4639214376817","VISA 16 digit","853","09/28"
"Jennifer Williams","347590227938331","VISA 19 digit","461","12/23"
"Mitchell Gates","341242571554688","JCB 16 digit","746","07/26"
"Katrina Sharp","3572527116486857","Maestro","109","10/21"
"Judith Steele","639065697539","JCB 16 digit","668","08/23"
"Steven Romero","374957608413398","Discover","276","11/22"
"Chad Robinson","4844749193057019","JCB 16 digit","971","02/30"
"Dawn Mccarthy","4133276433303375","JCB 16 digit","483","06/24"
"Jim Valdez","340350249353622","JCB 15 digit","531","09/23"
"Adam Lewis","676186264856","Discover","551","06/24"
"Jordan Gonzalez","3559029247774472","JCB 16 digit","083","01/24"
"Brandon Fernandez","676266471348","Diners Club / Carte Blanche","599","06/25"
"Christopher Brown","5568631761040836","VISA 16 digit","0082","03/28"
"Mary Harrington","4169982788464","JCB 16 digit","315","06/27"
"Barbara Fischer","2718324870204214","JCB 16 digit","018","11/26"
"Tamara Bryant","4400733773182146","JCB 16 digit","843","03/23"
"Michael Olson","4991109775982327","JCB 15 digit","451","03/29"
"Sean Peterson","30104158574396","Diners Club / Carte Blanche","4464","10/21"
"Scott Reynolds","6011785425937968","VISA 19 digit","057","06/29"
"Mary Greer","3512058811522930","JCB 16 digit","444","08/29"
"Jeanette Scott","3533166574598073","Maestro","011","03/30"
"Mrs. Nancy Robinson","6011646304702123","Discover","097","02/21"
"Sonia Shaw","347410921042134","Discover","148","11/28"
"Elizabeth Davis","4016185171463212","VISA 13 digit","849","12/27"
"Eric Wilson","213188546304920","VISA 19 digit","552","06/27"
"Herbert Black","4842767428480590139","American Express","201","10/29"
"Randy Vincent","3521696588925460","Mastercard","830","07/23"
"Timothy James","180032294009084","Discover","635","05/25"
"Laura Logan","2293868395526660","VISA 19 digit","367","06/26"
"John White","378924509645813","VISA 16 digit","221","05/26"
"Mr. Derek Mendez","36403391523358","VISA 13 digit","546","09/22"
"Jenna Baker","345390517184106","Maestro","047","10/21"
"Chase Jackson","6528277769960810","Maestro","8467","03/25"
"Leslie Leblanc","3507707499216416","VISA 16 digit","512","03/25"
"Timothy Dunn","4287255367012","VISA 16 digit","108","06/27"
"David Reyes","4898660735117507","Maestro","415","09/25"
"Travis Reynolds","36960489219793","VISA 19 digit","193","07/20"
"Adam Ali","30337039272612","VISA 16 digit","391","05/25"
"Sarah Johnson","30189079224189","Diners Club / Carte Blanche","041","05/29"
"Kristina Leon","6011337722353513","Diners Club / Carte Blanche","570","05/22"
"Eric Garner","562673249602","JCB 16 digit","520","09/23"
"Terry Krueger","676272773018","VISA 16 digit","133","01/29"
"Joseph Harris","3574876456069130","JCB 16 digit","697","08/23"
"Jason Jones","30109321044383","VISA 19 digit","598","07/20"
"Amber Jones","060436189611","American Express","221","12/22"
"Theresa Murphy","570499302216","Discover","757","02/25"
"Lisa Carter","6011865681089272","VISA 16 digit","645","05/23"
"Wendy Lane","3598565104448976","VISA 13 digit","622","08/21"
"Nancy Gonzalez","345305270644088","Discover","177","07/22"
"Ronald Mccormick","180032482086902","JCB 15 digit","2116","06/30"
"Craig Yates","676396177146","Mastercard","279","09/26"
"Tina Jones","2700151416807618","JCB 15 digit","272","10/21"
"Bryan Bailey","341792463973453","JCB 15 digit","6932","07/27"
"Debra Price","3556065966002086","JCB 16 digit","609","02/27"
"Joe Alexander","180025120150510","Diners Club / Carte Blanche","397","05/28"
"Melanie Young","4011273383650977","JCB 16 digit","873","11/29"
"Erin Garcia","213111815392285","American Express","354","10/29"
"Claire Green","213124363549008","American Express","798","10/29"
"Jennifer Cunningham MD","4036198044116533","JCB 15 digit","056","02/26"
"Mark Moyer","38182935354516","American Express","191","05/29"
"Jason Jacobs","4359722706152317785","VISA 19 digit","726","11/21"
"Tara Lucas","4549471618550506","Mastercard","266","09/26"
"Carolyn Phillips","4703063081512","VISA 19 digit","177","01/28"
"Amanda Gomez","4699407295578715","VISA 16 digit","695","07/25"
"Jessica Wright","374024000806586","VISA 19 digit","256","12/21"
"Carl Ford","6011230887928700","VISA 16 digit","480","01/25"
"Erin Sanders","3599344404928155","VISA 16 digit","821","09/29"
"Brandon Calderon","4735583543092000","VISA 16 digit","020","08/28"
"Molly Williams","3511604604866405","JCB 16 digit","210","08/21"
"Willie Oneal","4432048277091631142","Mastercard","239","05/24"
"Roberto Cobb","4225990046681780015","Mastercard","453","10/21"
"Kristy Meadows","4514401289932643","VISA 13 digit","482","07/29"
"William Carey","180092731413026","JCB 16 digit","456","02/28"
"Darius Cooper","676304548735","American Express","093","02/30"
"Chad Gonzalez","4386093561047292","VISA 13 digit","180","07/27"
"Andrea Roberts","30030276841047","Mastercard","227","08/25"
"Valerie Bennett","3582426101998588","JCB 15 digit","545","02/25"
"Andrea Brown","375691775942843","Maestro","340","06/23"
"Grace Barajas","180002997800444","VISA 19 digit","930","06/30"
"Mark Haas","579079649631","VISA 16 digit","873","08/28"
"Luis Edwards","4055213336043","JCB 16 digit","916","06/30"
"Gregory Riddle","501854314744","American Express","128","05/26"
"Gary Jackson","630413131487","American Express","032","08/23"
"Kevin Carroll","4457088479743411356","VISA 16 digit","568","03/24"
"Jason Norris","180080132189584","VISA 13 digit","679","11/20"
"Sarah Nguyen","348350947278479","Maestro","604","12/20"
"Tara King","343357790248264","JCB 16 digit","808","06/28"
"Sydney Edwards","30514465631772","Mastercard","634","08/22"
"Juan Mcdonald","3537271604967656","JCB 16 digit","180","06/21"
"Ashley Duarte","5193828138069794","VISA 16 digit","986","01/27"
"Richard Schultz","30189982278371","Discover","5754","01/29"
"Miss Jessica Fletcher","3570742750589054","VISA 16 digit","219","11/21"
"Robin Dodson","6559930328877709","VISA 16 digit","616","07/22"
"Alyssa Davis","4660077892239858660","Mastercard","471","10/23"
"James Guzman","4700946251955542367","VISA 16 digit","449","11/26"
"Tyler Griffin","6508074569316903","American Express","333","09/24"
"Lisa Russell","4090107239264670","VISA 19 digit","669","05/27"
"Courtney Hickman","630494163326","Mastercard","313","06/24"
"Katherine Ibarra","341485174319609","JCB 15 digit","990","09/21"
"Rebecca Snyder","4087253774144230338","VISA 13 digit","522","10/21"
"Cheryl Bryan","675931622574","Discover","748","05/25"
"Casey Brown","4056063878086390037","Diners Club / Carte Blanche","898","08/25"
"Daisy Collins","180030722568796","VISA 16 digit","053","12/28"
"Charles Hopkins","575852377796","JCB 15 digit","570","09/27"
"Dr. Daniel Thompson","3579122548438610","VISA 16 digit","506","12/27"
"William Jackson","3557246225295997","VISA 19 digit","867","02/21"
"Paul Wilson","347520874780710","American Express","917","11/20"
"Mr. Patrick Clark Jr.","371873821902112","Discover","589","09/29"
"Brian Johnson","4316320449870792","Diners Club / Carte Blanche","188","04/23"
"Cynthia Fowler","4904889572029","Diners Club / Carte Blanche","235","04/23"
"Michael Jones","6531235364410495","Maestro","102","10/26"
"Ana Ruiz","3542785906770719","JCB 16 digit","771","02/30"
"Daniel Johnson","348765206477902","JCB 16 digit","850","10/22"
"Kevin Mcgee","4578953783389","Maestro","058","05/22"
"Gloria Ford","4758251762559636","VISA 13 digit","506","05/26"
"Michael Kaufman","3557602393282482","VISA 19 digit","363","04/27"
"Christie Scott","4150451568380773","Mastercard","7229","04/30"
"Daniel Fisher","3530932937448774","JCB 16 digit","333","06/26"
"Justin Martinez","4680160023870778","JCB 16 digit","104","07/22"
"Shawn Duncan","4599328468258","JCB 15 digit","3731","04/26"
"Peter Jones","4881584354169673","JCB 16 digit","2421","01/30"
"Justin Gates","4369308287304","Mastercard","504","06/29"
"Hannah Villarreal","180085272316699","Discover","011","10/23"
"Christopher Burns","4269190459599548802","VISA 16 digit","685","08/25"
"Alexander King","581933431537","VISA 19 digit","378","12/21"
"Austin Gomez","213194751534722","VISA 19 digit","146","12/21"
"Tracey Walton","3513473699089010","VISA 13 digit","6080","08/27"
"Katherine Williams","4981289037236241","American Express","953","06/25"
"Annette Thornton","4782519340614437682","JCB 15 digit","620","09/29"
"Guy Henderson","4399207545445100","Diners Club / Carte Blanche","272","04/26"
"Kendra Jenkins","3569627228705866","JCB 15 digit","637","09/25"
"Melissa Friedman","577940526210","JCB 16 digit","600","12/29"
"Andrew Adams","4630211780895","Maestro","433","05/27"
"Denise Pittman","30126736117083","American Express","1253","10/29"
"Jonathan Murphy","30007142072080","VISA 16 digit","354","10/24"
"Elizabeth Thomas","4966820228730","American Express","000","01/28"
"Michael Tucker","180090260259018","American Express","185","07/29"
"Joseph Graves","347072068279182","Discover","063","04/27"
"Marissa Barton","4870086087980","Discover","075","11/23"
"Kristina Randall","5290333472840795","VISA 16 digit","012","03/27"
"Jeremy Thompson","3577529073430469","JCB 16 digit","300","06/30"
"Mrs. Carol Miller","6011476236076374","Mastercard","297","12/24"
"Dawn Villa","4516347545655108162","JCB 16 digit","762","11/20"
"Elizabeth Simmons","4059810851080790","JCB 16 digit","211","07/26"
"Misty Osborne","4380142812346069817","JCB 15 digit","7011","07/29"
"Henry Hall","6011968189064076","JCB 16 digit","017","12/25"
"Zachary Lopez DDS","6553876801721862","VISA 19 digit","572","11/24"
"Harold Harris","4667401614466734","JCB 16 digit","877","08/28"
"Sonia Peters","6011431993403725","VISA 16 digit","975","05/30"
"Dustin Morris","4466139798717521423","American Express","779","08/22"
"Jeffrey Ortega","4967558419319","American Express","751","01/28"
"Aaron Anderson","2291594405543469","JCB 15 digit","161","04/22"
"Brittany Hansen","4228712138765308","Mastercard","506","09/24"
"Joseph Washington","3562803613939892","American Express","556","05/23"
"Andrew Price","630472382591","JCB 16 digit","165","11/21"
"David Ray","213151948436591","JCB 15 digit","269","05/29"
"Tara Gutierrez","630404642617","JCB 16 digit","755","05/30"
"Joseph Anderson","2234193344641219","Maestro","1006","06/26"
"Bianca Collier","4837497300076766","American Express","566","07/29"
"Patricia Mathis","5107595586621070","Mastercard","039","05/24"
"Kelly Moore","346331290417940","Diners Club / Carte Blanche","938","04/30"
"Karla Shepard","675955720742","JCB 15 digit","384","03/28"
"Rebecca Graves","4970139266456","JCB 16 digit","049","05/23"
"Nancy Randall","3560106286005120","VISA 16 digit","471","11/28"
"Paige Ramsey","3508249707516435","Mastercard","745","07/22"
"Nancy Galloway","213175908718698","American Express","304","11/28"
"Henry Henson","4681258104598","VISA 16 digit","738","04/27"
"Peggy Orozco","3573441431323812","Discover","126","05/24"
"Angela Drake","4009453578911558","Diners Club / Carte Blanche","5272","09/26"
"Justin Welch","180081085061390","VISA 16 digit","9820","12/22"
"Jessica Wilson","3597851306679803","Mastercard","151","05/21"
"Andrew Murray","676334855308","JCB 16 digit","362","12/24"
"Rhonda Wright","6553999712911347","JCB 16 digit","039","03/29"
"Janet Young","6560066256309741","VISA 16 digit","305","07/29"
"Todd Morrison","3572200721203535","American Express","858","05/23"
"Brandon Young","676265630852","Mastercard","720","04/22"
"Jennifer Pacheco","6590010234042267","VISA 19 digit","915","06/30"
"Zachary Williams","4389536674116286","JCB 16 digit","202","01/28"
"David Barr","3526820770820991","Discover","883","10/21"
"Shannon Woods","4221842355016","VISA 16 digit","7390","11/26"
"Randall Brown","38275181960406","JCB 16 digit","216","02/26"
"John Duran","4324966558322","VISA 13 digit","992","09/20"
"Timothy Burns","4657313009089","JCB 16 digit","433","12/27"
"Megan Patel","4080947273102852","Maestro","722","01/27"
"Paul Green","3574021295440289","VISA 16 digit","883","09/22"
"Joe Snow","2225803806860351","Maestro","359","03/22"
"Ashley Higgins MD","4670306490234673","JCB 16 digit","579","04/22"
"Tracy Snow DDS","377712099718418","Diners Club / Carte Blanche","349","05/21"
"Loretta Martinez","2270797774797575","VISA 16 digit","676","04/22"
"Dana Tyler","4718059207538738","Diners Club / Carte Blanche","948","01/30"
"Angel Adams","6011843416431051","JCB 16 digit","789","04/24"
"Scott King","6011636606886534","VISA 19 digit","296","01/21"
"Laurie Miller","4050706222928742","JCB 16 digit","955","11/25"
"Shannon Butler","4508959141222657273","Discover","070","12/25"
"Amy Petersen","4382405915990","Diners Club / Carte Blanche","757","03/22"
"Jeffrey Conner","4175427609447681","Mastercard","524","10/27"
"Joshua Burke","180013598801079","VISA 16 digit","654","11/25"
"Frank Bonilla","374226135017787","JCB 16 digit","6921","03/29"
"Tristan Lee","6566601937171104","VISA 13 digit","784","02/25"
"Stephanie Vaughn","6546224972652063","Diners Club / Carte Blanche","739","05/26"
"Walter Clayton","30350669166673","VISA 16 digit","468","06/25"
"Emma Christensen","180021279719155","JCB 15 digit","085","01/23"
"Dr. Charles Sutton","2419341729235928","JCB 16 digit","665","09/20"
"Dr. Ryan Armstrong","340837954799932","VISA 16 digit","200","03/28"
"Kathleen Anderson","3504012281164210","Maestro","8521","07/26"
"David Bush","3558107797416230","JCB 15 digit","545","02/28"
"Jodi Orozco","6011444016589339","VISA 16 digit","305","01/28"
"Roy Davidson","4902868886962012874","VISA 19 digit","955","03/22"
"Timothy Harrison","6011748410489478","Diners Club / Carte Blanche","943","12/23"
"Zachary Davidson","30415556638801","JCB 15 digit","000","02/24"
"Alexis Maynard","180082042261768","VISA 19 digit","704","01/21"
"Patrick Mays","675901963156","JCB 16 digit","161","01/25"
"Brian Price","348961961579772","VISA 19 digit","718","07/22"
"Bryan Ochoa","4149893659948856921","Discover","125","03/24"
"Tammy Jacobson","3512558037169325","VISA 16 digit","798","11/21"
"Heidi Martin","6505090159963642","VISA 16 digit","423","01/22"
"Natalie Allen","3566345756836887","JCB 15 digit","041","12/24"
"Erica Lowe","2590769485466306","Maestro","717","01/26"
"Amanda Maddox","676385563355","Mastercard","952","04/25"
"Todd Blake","3510591540801524","JCB 15 digit","038","10/24"
"Tina Nguyen","4937836482465843","Maestro","540","02/22"
"Ralph Maldonado","3523307830646189","JCB 15 digit","227","12/21"
"Michael Williamson","180013436697184","Discover","713","08/20"
"Ryan Hale","38128546370664","VISA 13 digit","661","03/28"
"April Byrd","180005784748189","VISA 13 digit","720","10/24"
"Taylor Buchanan","4635349743979490","JCB 16 digit","103","11/24"
"Anthony Torres","4165303940334106","VISA 13 digit","079","09/22"
"Alexander Jones","060423473002","American Express","824","02/21"
"Chad Hammond","3522223381630061","American Express","197","08/24"
"Heather Curry","4218713617749807","VISA 13 digit","736","12/28"
"Rebecca Cruz","6551753271093985","VISA 16 digit","810","09/20"
"Colleen Collins","4958855501560","JCB 16 digit","913","01/28"
"Jose Bond","3578165367092993","American Express","726","03/28"
"Douglas Fernandez","6011561074345880","VISA 16 digit","425","05/22"
"Melissa Sanchez","180074488433134","Discover","655","08/20"
"Jennifer Rodriguez","6011941650717738","JCB 15 digit","585","07/27"
"Kristie Lopez","180038917446306","VISA 16 digit","369","01/27"
"Kristen Thompson","213123234822164","JCB 15 digit","030","03/21"
"Jesus Knight","4207927825340353991","Maestro","7329","08/27"
"Jasmine Blake DDS","2287226485359856","Mastercard","848","09/28"
"Jennifer Elliott","4276416564070","JCB 16 digit","952","05/22"
"Latasha Strickland","6011882980688399","VISA 16 digit","162","06/29"
"Laura Webb","676312879072","VISA 19 digit","333","01/27"
"Kathy Gibson","676382357777","American Express","920","03/21"
"Michael Thomas","2622634749362588","VISA 19 digit","146","02/26"
"Nathan Sanchez","502030435254","VISA 16 digit","069","07/22"
"Gregory Smith","4716425722340875460","JCB 15 digit","265","02/26"
"Lauren Rowland","30082505005779","JCB 15 digit","567","05/28"
"Jose Flowers","30047930301598","VISA 16 digit","360","09/28"
"Wendy Cooper","2249131255552390","Mastercard","997","07/27"
"Ricky Mueller","639097397173","VISA 19 digit","418","10/25"
"Stephanie Guerra DDS","4353044387044756","VISA 16 digit","918","03/25"
"Gregory Weaver","6527862280834825","American Express","968","10/27"
"Erin Smith","4772525080313","VISA 13 digit","449","11/21"
"Brandon Johnson","575109569047","VISA 16 digit","445","11/22"
"Sean Rivera","4880504209454","VISA 13 digit","671","05/21"
"Robert Osborn","30015837599762","JCB 16 digit","125","10/29"
"Susan Elliott","30458860969447","VISA 16 digit","335","01/28"
"Michelle Wallace","639098563450","Diners Club / Carte Blanche","092","08/25"
"Heather Liu","2438580346560856","VISA 16 digit","363","05/24"
"William Freeman","503839490359","Diners Club / Carte Blanche","623","08/20"
"James Steele","4595096757324661","Discover","868","06/21"
"Charles Wagner","4295813685578041","VISA 16 digit","054","10/21"
"Laura Bennett","36222041822246","VISA 16 digit","618","05/25"
"Christina Hansen","3527552428195836","Maestro","3692","03/30"
"Dana Johnson","180082992087148","American Express","846","11/21"
"Nicholas Brooks","4194305562311838","VISA 19 digit","087","02/24"
"Sean Dodson","30234928658490","JCB 15 digit","822","06/28"
"Joel Campbell","675902492049","JCB 15 digit","305","07/26"
"William Cabrera","676169463558","VISA 16 digit","791","10/22"
"Dr. Tamara Johnson","639078667198","Diners Club / Carte Blanche","972","01/27"
"Joel Harvey","4447482986340217","VISA 16 digit","487","06/27"
"Brandon Baird","4214800489579455","JCB 16 digit","167","07/26"
"Michele Lopez","4861841554968904490","Diners Club / Carte Blanche","325","05/30"
"Joshua Lawrence","3595027080765173","VISA 16 digit","451","11/26"
"Christopher Parker","213122384642125","VISA 16 digit","667","07/29"
"Harry Green","6510967867150534","VISA 16 digit","457","02/25"
"Kerri Douglas","060445717857","JCB 15 digit","887","12/28"
"Brittany Stewart","4196093809424709","JCB 16 digit","413","06/26"
"Brandi Green","6593458576953178","Mastercard","330","10/29"
"Terry Weaver","213181058914616","American Express","986","12/20"
"Hailey Taylor","378150556797154","JCB 16 digit","821","11/29"
"Emily Rios","503810433618","VISA 16 digit","241","09/25"
"Robert Hill","180087671748159","VISA 13 digit","702","07/21"
"Christopher Boyd","30578208833235","Discover","107","01/28"
"Alexis Wall","2272026746872524","JCB 16 digit","097","06/22"
"Jenny Maldonado","2295262868574332","VISA 13 digit","680","01/28"
"Pamela Spears MD","213177932502080","VISA 16 digit","288","07/21"
"Margaret Mason","4151042158344284","JCB 16 digit","782","09/22"
"Stacie House","3522950673034541","JCB 16 digit","303","03/29"
"Heather Owens","30425393641934","JCB 16 digit","676","10/22"
"Whitney Daniel","562497764315","JCB 15 digit","158","09/21"
"Jeffrey Briggs","2251468135240282","VISA 19 digit","388","04/28"
"John Williams","3595959996027423","VISA 16 digit","274","04/27"
"Sarah Gould","3575850134031787","Discover","879","07/23"
"James Gray","4462776768002","Discover","584","08/27"
"Robert Davis","4214121542057","American Express","942","08/26"
"Robert Anderson","38361464441072","JCB 15 digit","653","01/27"
"James Smith","4387696540472","Mastercard","168","08/27"
"Dylan Melton","213104503118146","VISA 19 digit","939","04/27"
"Molly Wilson","180075382133159","VISA 13 digit","032","04/30"
"Brenda Park","6011106654539005","VISA 13 digit","551","04/29"
"James Jones","180052615007187","VISA 13 digit","419","08/22"
"Francisco Young","6530424218001426","JCB 16 digit","834","11/21"
"Andrew Hudson","375462855384391","Maestro","880","07/25"
"Howard Brown","4235253536660784","VISA 13 digit","931","02/27"
"Dalton Black","30422897101085","VISA 16 digit","1325","09/20"
"Rebecca Robertson","4241582833717","VISA 16 digit","317","02/22"
"Andrea Ray","3561993447454670","American Express","487","10/25"
"Alan Brown","4738812640931217","JCB 15 digit","780","02/21"
"Tracy Escobar","4387214048286571","JCB 15 digit","427","11/27"
"Sandra Tucker","342337413302624","American Express","894","12/25"
"Nicole Cummings","6011323532234895","JCB 16 digit","535","06/30"
"Gary Johnson","4485236829784927581","VISA 16 digit","935","01/23"
"Samuel Flores","587706132251","VISA 19 digit","092","04/24"
"Tyler Weiss","30121318766118","VISA 16 digit","372","08/29"
"Brian Perez","344291140683632","JCB 16 digit","997","12/24"
"Joseph Graham","4936116124764924","Maestro","4713","03/27"
"Melinda Martin","4480384999333221","Discover","557","07/30"
"Elizabeth Holmes","3576632727905448","Mastercard","044","10/22"
"Douglas Soto","180032257057955","VISA 16 digit","863","07/24"
"Amanda Berry","565475645182","Mastercard","178","12/27"
"Philip Vega MD","4087678526290131729","JCB 15 digit","353","11/28"
"Mark Smith","2499288123126422","Discover","832","02/25"
"Robert Cunningham","30480320003757","JCB 16 digit","570","05/27"
"Natalie Hicks","563937811583","Discover","630","04/22"
"Stephen Flores","213106154928004","Maestro","534","05/22"
"Stacey Walter","3568443838170116","Mastercard","922","03/28"
"Vickie Snyder MD","370403104421829","VISA 19 digit","872","12/20"
"Ronald Galvan","4548771990529924","American Express","080","07/28"
"Caitlin Howell","3505271806167434","Maestro","704","12/24"
"Donald Kelley","4828707557920868317","VISA 19 digit","127","01/24"
"Jeffrey Ryan","676319196165","Maestro","324","02/22"
"Monica Williams","213108450048099","Mastercard","064","05/26"
"Matthew Williams","3575458730861621","Maestro","781","08/25"
"Kyle Campbell","676218355219","VISA 16 digit","092","09/27"
"Steven Daugherty","30454985480725","Diners Club / Carte Blanche","1635","01/26"
"Yolanda Luna","675952569878","Maestro","216","02/26"
"George Boyd","3576064378336097","JCB 15 digit","2178","12/29"
"Julie Thompson","4002664246692855263","Discover","981","01/22"
"Miss Shari Pierce MD","30034978670852","Mastercard","548","12/28"
"Peter Dunn","3504605483489960","Maestro","855","11/27"
"Brandon Patterson","180044227152675","VISA 13 digit","687","11/24"
"Taylor Rodriguez","3535053578051861","Diners Club / Carte Blanche","827","04/28"
"John Guzman","4209280077362753","Mastercard","314","04/26"
"Justin Joyce","630488872320","Discover","784","07/20"
"Douglas Buchanan","4915610541144863","JCB 15 digit","462","08/28"
"Julia White","4756319244220168","VISA 16 digit","557","03/30"
"Brian Myers","6528266752545829","VISA 16 digit","169","07/25"
"David Buckley","180040723864433","VISA 16 digit","051","09/27"
"Stephen Gregory","6538630022069654","VISA 16 digit","024","02/23"
"Andrew Bolton","676298073096","JCB 16 digit","386","03/29"
"Megan Miles","371555631406117","JCB 15 digit","609","12/22"
"Luke Stewart","4593980076376","JCB 15 digit","187","02/24"
"Bailey Ellis","4958034013845910502","VISA 13 digit","504","08/23"
"Jason Mcdaniel","4796032631002343369","American Express","350","02/21"
"Kristin Brown","4990044883815","Mastercard","755","07/26"
"Amanda York","349323972719344","Maestro","997","09/27"
"Joshua Johnson","4378721578785","Mastercard","416","11/29"
"Shannon Petersen","3547479116874488","Diners Club / Carte Blanche","2805","02/26"
"Tina Perry","4171549280283236","JCB 16 digit","882","07/25"
"Annette Montgomery","2405708986268279","JCB 16 digit","642","04/23"
"Amanda Andrade","6011841086732345","Maestro","8368","06/26"
"Judy Smith","349067362493735","Mastercard","075","05/22"
"Adam Manning","3539842304075186","JCB 16 digit","669","03/26"
"Catherine Young","378945017813346","VISA 16 digit","617","02/27"
"Marcus Hawkins","6506617469749243","Mastercard","845","09/24"
"Cynthia Whitaker PhD","344444605819742","VISA 16 digit","328","06/30"
"Calvin Taylor","3501941610381785","JCB 16 digit","846","10/26"
"Scott Beasley","4488597682851215","VISA 13 digit","959","09/21"
"Ashley Anderson","4373556484452554","VISA 13 digit","065","10/22"
"Laura Giles","630471658371","JCB 16 digit","889","01/24"
"Brianna Thompson","4944007615904758","Discover","510","01/29"
